name,time,max,service_name
max_duration_60s,1588086240000000000,780569000,auth.default
max_duration_60s,1588086240000000000,282000,istio-mixer
max_duration_60s,1588086240000000000,2432792000,booking.default
max_duration_60s,1588086240000000000,2544612000,flight.default
max_duration_60s,1588086240000000000,2545372000,istio-ingressgateway
max_duration_60s,1588086240000000000,36851000,customer.default
max_duration_60s,1588086300000000000,1051487000,istio-ingressgateway
max_duration_60s,1588086300000000000,41336000,customer.default
max_duration_60s,1588086300000000000,1049218000,booking.default
max_duration_60s,1588086300000000000,39054000,auth.default
max_duration_60s,1588086300000000000,543000,istio-mixer
max_duration_60s,1588086300000000000,890155000,flight.default
max_duration_60s,1588086360000000000,1045374000,booking.default
max_duration_60s,1588086360000000000,1122926000,flight.default
max_duration_60s,1588086360000000000,1158213000,istio-ingressgateway
max_duration_60s,1588086360000000000,38743000,customer.default
max_duration_60s,1588086360000000000,34998000,auth.default
max_duration_60s,1588086420000000000,62928000,customer.default
max_duration_60s,1588086420000000000,44768000,auth.default
max_duration_60s,1588086420000000000,955370000,flight.default
max_duration_60s,1588086420000000000,4791000,istio-mixer
max_duration_60s,1588086420000000000,957507000,booking.default
max_duration_60s,1588086420000000000,1272112000,istio-ingressgateway
max_duration_60s,1588086480000000000,2026044000,flight.default
max_duration_60s,1588086480000000000,1086889000,istio-ingressgateway
max_duration_60s,1588086480000000000,47886000,customer.default
max_duration_60s,1588086480000000000,50228000,auth.default
max_duration_60s,1588086480000000000,2027466000,booking.default
max_duration_60s,1588086540000000000,73688000,auth.default
max_duration_60s,1588086540000000000,490648000,booking.default
max_duration_60s,1588086540000000000,849563000,istio-ingressgateway
max_duration_60s,1588086540000000000,21588000,istio-mixer
max_duration_60s,1588086540000000000,766159000,flight.default
max_duration_60s,1588086540000000000,65176000,customer.default
max_duration_60s,1588086600000000000,873695000,istio-ingressgateway
max_duration_60s,1588086600000000000,46646000,customer.default
max_duration_60s,1588086600000000000,41791000,auth.default
max_duration_60s,1588086600000000000,482487000,booking.default
max_duration_60s,1588086600000000000,517084000,flight.default
max_duration_60s,1588086660000000000,669393000,booking.default
max_duration_60s,1588086660000000000,666788000,flight.default
max_duration_60s,1588086660000000000,72435000,customer.default
max_duration_60s,1588086660000000000,2321000,istio-mixer
max_duration_60s,1588086660000000000,1027625000,istio-ingressgateway
max_duration_60s,1588086660000000000,54899000,auth.default
max_duration_60s,1588086720000000000,812539000,istio-ingressgateway
max_duration_60s,1588086720000000000,36473000,auth.default
max_duration_60s,1588086720000000000,38532000,customer.default
max_duration_60s,1588086720000000000,306254000,booking.default
max_duration_60s,1588086720000000000,249728000,flight.default
max_duration_60s,1588086720000000000,3335000,istio-mixer
max_duration_60s,1588086780000000000,247443000,flight.default
max_duration_60s,1588086780000000000,137000,istio-mixer
max_duration_60s,1588086780000000000,58975000,customer.default
max_duration_60s,1588086780000000000,718892000,istio-ingressgateway
max_duration_60s,1588086780000000000,20690000,auth.default
max_duration_60s,1588086780000000000,304460000,booking.default
max_duration_60s,1588086840000000000,599009000,auth.default
max_duration_60s,1588086840000000000,1243097000,booking.default
max_duration_60s,1588086840000000000,35202000,customer.default
max_duration_60s,1588086840000000000,561193000,flight.default
max_duration_60s,1588086840000000000,13134000,istio-mixer
max_duration_60s,1588086840000000000,2055333000,istio-ingressgateway
max_duration_60s,1588086900000000000,600766000,istio-mixer
max_duration_60s,1588086900000000000,2405409000,istio-ingressgateway
max_duration_60s,1588086900000000000,40735000,customer.default
max_duration_60s,1588086900000000000,49162000,auth.default
max_duration_60s,1588086900000000000,302628000,booking.default
max_duration_60s,1588086900000000000,197260000,flight.default
max_duration_60s,1588086960000000000,246534000,booking.default
max_duration_60s,1588086960000000000,188266000,flight.default
max_duration_60s,1588086960000000000,31157000,customer.default
max_duration_60s,1588086960000000000,241000,istio-mixer
max_duration_60s,1588086960000000000,1078598000,istio-ingressgateway
max_duration_60s,1588086960000000000,32847000,auth.default
max_duration_60s,1588087020000000000,1792637000,istio-ingressgateway
max_duration_60s,1588087020000000000,46143000,auth.default
max_duration_60s,1588087020000000000,244220000,customer.default
max_duration_60s,1588087020000000000,377561000,booking.default
max_duration_60s,1588087020000000000,162221000,flight.default
max_duration_60s,1588087020000000000,652967000,istio-mixer
max_duration_60s,1588087080000000000,77053000,flight.default
max_duration_60s,1588087080000000000,12464000,istio-mixer
max_duration_60s,1588087080000000000,43706000,customer.default
max_duration_60s,1588087080000000000,1249044000,istio-ingressgateway
max_duration_60s,1588087080000000000,35613000,auth.default
max_duration_60s,1588087080000000000,201585000,booking.default
max_duration_60s,1588087140000000000,35199000,auth.default
max_duration_60s,1588087140000000000,611248000,booking.default
max_duration_60s,1588087140000000000,43025000,customer.default
max_duration_60s,1588087140000000000,174088000,flight.default
max_duration_60s,1588087140000000000,12200000,istio-mixer
max_duration_60s,1588087140000000000,1244572000,istio-ingressgateway
max_duration_60s,1588087200000000000,1334000,istio-mixer
max_duration_60s,1588087200000000000,1070175000,istio-ingressgateway
max_duration_60s,1588087200000000000,34143000,customer.default
max_duration_60s,1588087200000000000,19391000,auth.default
max_duration_60s,1588087200000000000,424474000,booking.default
max_duration_60s,1588087200000000000,99235000,flight.default
max_duration_60s,1588087260000000000,483145000,booking.default
max_duration_60s,1588087260000000000,69323000,flight.default
max_duration_60s,1588087260000000000,51407000,customer.default
max_duration_60s,1588087260000000000,1000122000,istio-ingressgateway
max_duration_60s,1588087260000000000,25799000,auth.default
max_duration_60s,1588087320000000000,993444000,istio-ingressgateway
max_duration_60s,1588087320000000000,61516000,auth.default
max_duration_60s,1588087320000000000,91259000,flight.default
max_duration_60s,1588087320000000000,1887000,istio-mixer
max_duration_60s,1588087320000000000,303190000,booking.default
max_duration_60s,1588087320000000000,33815000,customer.default
max_duration_60s,1588087380000000000,439021000,booking.default
max_duration_60s,1588087380000000000,25666000,customer.default
max_duration_60s,1588087380000000000,35515000,flight.default
max_duration_60s,1588087380000000000,1230595000,istio-ingressgateway
max_duration_60s,1588087380000000000,31475000,auth.default
max_duration_60s,1588087380000000000,55753000,istio-mixer
max_duration_60s,1588087440000000000,751743000,auth.default
max_duration_60s,1588087440000000000,50428000,istio-mixer
max_duration_60s,1588087440000000000,504380000,flight.default
max_duration_60s,1588087440000000000,1231749000,booking.default
max_duration_60s,1588087440000000000,28097000,customer.default
max_duration_60s,1588087440000000000,2078998000,istio-ingressgateway
max_duration_60s,1588087500000000000,33927000,customer.default
max_duration_60s,1588087500000000000,1554929000,istio-ingressgateway
max_duration_60s,1588087500000000000,70556000,flight.default
max_duration_60s,1588087500000000000,32088000,auth.default
max_duration_60s,1588087500000000000,2185000,istio-mixer
max_duration_60s,1588087500000000000,748381000,booking.default
max_duration_60s,1588087560000000000,307000,istio-mixer
max_duration_60s,1588087560000000000,984221000,booking.default
max_duration_60s,1588087560000000000,245516000,flight.default
max_duration_60s,1588087560000000000,40196000,customer.default
max_duration_60s,1588087560000000000,1234029000,istio-ingressgateway
max_duration_60s,1588087560000000000,34033000,auth.default
max_duration_60s,1588087620000000000,1343972000,istio-ingressgateway
max_duration_60s,1588087620000000000,65960000,auth.default
max_duration_60s,1588087620000000000,129284000,flight.default
max_duration_60s,1588087620000000000,13903000,istio-mixer
max_duration_60s,1588087620000000000,575544000,booking.default
max_duration_60s,1588087620000000000,23013000,customer.default
max_duration_60s,1588087680000000000,470066000,booking.default
max_duration_60s,1588087680000000000,207289000,customer.default
max_duration_60s,1588087680000000000,58825000,flight.default
max_duration_60s,1588087680000000000,1793512000,istio-ingressgateway
max_duration_60s,1588087680000000000,36509000,auth.default
max_duration_60s,1588087680000000000,569000,istio-mixer
max_duration_60s,1588087740000000000,23917000,auth.default
max_duration_60s,1588087740000000000,50565000,istio-mixer
max_duration_60s,1588087740000000000,47675000,flight.default
max_duration_60s,1588087740000000000,579138000,booking.default
max_duration_60s,1588087740000000000,56438000,customer.default
max_duration_60s,1588087740000000000,1551344000,istio-ingressgateway
max_duration_60s,1588087800000000000,48788000,customer.default
max_duration_60s,1588087800000000000,2073432000,istio-ingressgateway
max_duration_60s,1588087800000000000,54342000,flight.default
max_duration_60s,1588087800000000000,47389000,auth.default
max_duration_60s,1588087800000000000,11626000,istio-mixer
max_duration_60s,1588087800000000000,369204000,booking.default
max_duration_60s,1588087860000000000,48474000,istio-mixer
max_duration_60s,1588087860000000000,628475000,booking.default
max_duration_60s,1588087860000000000,73354000,flight.default
max_duration_60s,1588087860000000000,33987000,customer.default
max_duration_60s,1588087860000000000,1467696000,istio-ingressgateway
max_duration_60s,1588087860000000000,33151000,auth.default
max_duration_60s,1588087920000000000,1411272000,istio-ingressgateway
max_duration_60s,1588087920000000000,23175000,auth.default
max_duration_60s,1588087920000000000,230296000,flight.default
max_duration_60s,1588087920000000000,31150000,istio-mixer
max_duration_60s,1588087920000000000,652817000,booking.default
max_duration_60s,1588087920000000000,39768000,customer.default
max_duration_60s,1588087980000000000,667618000,booking.default
max_duration_60s,1588087980000000000,38927000,customer.default
max_duration_60s,1588087980000000000,86272000,flight.default
max_duration_60s,1588087980000000000,1513498000,istio-ingressgateway
max_duration_60s,1588087980000000000,21117000,auth.default
max_duration_60s,1588087980000000000,3379000,istio-mixer
max_duration_60s,1588088040000000000,39971000,auth.default
max_duration_60s,1588088040000000000,9386000,istio-mixer
max_duration_60s,1588088040000000000,346806000,flight.default
max_duration_60s,1588088040000000000,530328000,booking.default
max_duration_60s,1588088040000000000,51653000,customer.default
max_duration_60s,1588088040000000000,1194332000,istio-ingressgateway
max_duration_60s,1588088100000000000,28861000,customer.default
max_duration_60s,1588088100000000000,839501000,istio-ingressgateway
max_duration_60s,1588088100000000000,44934000,flight.default
max_duration_60s,1588088100000000000,38755000,auth.default
max_duration_60s,1588088100000000000,6451000,istio-mixer
max_duration_60s,1588088100000000000,615607000,booking.default
max_duration_60s,1588088160000000000,2139000,istio-mixer
max_duration_60s,1588088160000000000,392022000,booking.default
max_duration_60s,1588088160000000000,80895000,flight.default
max_duration_60s,1588088160000000000,29886000,customer.default
max_duration_60s,1588088160000000000,857241000,istio-ingressgateway
max_duration_60s,1588088160000000000,36675000,auth.default
max_duration_60s,1588088220000000000,789613000,istio-ingressgateway
max_duration_60s,1588088220000000000,30077000,auth.default
max_duration_60s,1588088220000000000,60339000,flight.default
max_duration_60s,1588088220000000000,56945000,istio-mixer
max_duration_60s,1588088220000000000,483405000,booking.default
max_duration_60s,1588088220000000000,36950000,customer.default
max_duration_60s,1588088280000000000,95116000,flight.default
max_duration_60s,1588088280000000000,29573000,customer.default
max_duration_60s,1588088280000000000,884321000,istio-ingressgateway
max_duration_60s,1588088280000000000,30185000,auth.default
max_duration_60s,1588088280000000000,348895000,booking.default
max_duration_60s,1588088340000000000,23217000,auth.default
max_duration_60s,1588088340000000000,495402000,booking.default
max_duration_60s,1588088340000000000,28780000,customer.default
max_duration_60s,1588088340000000000,47601000,flight.default
max_duration_60s,1588088340000000000,880416000,istio-ingressgateway
max_duration_60s,1588088400000000000,235134000,flight.default
max_duration_60s,1588088400000000000,1006083000,istio-ingressgateway
max_duration_60s,1588088400000000000,497956000,booking.default
max_duration_60s,1588088400000000000,138315000,istio-mixer
max_duration_60s,1588088400000000000,33028000,auth.default
max_duration_60s,1588088400000000000,31423000,customer.default
max_duration_60s,1588088460000000000,604702000,booking.default
max_duration_60s,1588088460000000000,24614000,customer.default
max_duration_60s,1588088460000000000,57810000,flight.default
max_duration_60s,1588088460000000000,706004000,istio-ingressgateway
max_duration_60s,1588088460000000000,7496000,auth.default
max_duration_60s,1588088520000000000,882771000,istio-ingressgateway
max_duration_60s,1588088520000000000,41433000,auth.default
max_duration_60s,1588088520000000000,26212000,customer.default
max_duration_60s,1588088520000000000,1549000,istio-mixer
max_duration_60s,1588088520000000000,559720000,booking.default
max_duration_60s,1588088520000000000,95389000,flight.default
max_duration_60s,1588088580000000000,617796000,booking.default
max_duration_60s,1588088580000000000,57845000,flight.default
max_duration_60s,1588088580000000000,19975000,customer.default
max_duration_60s,1588088580000000000,784780000,istio-ingressgateway
max_duration_60s,1588088580000000000,29875000,auth.default
max_duration_60s,1588088580000000000,132693000,istio-mixer
max_duration_60s,1588088640000000000,63982000,auth.default
max_duration_60s,1588088640000000000,641000,istio-mixer
max_duration_60s,1588088640000000000,31648000,customer.default
max_duration_60s,1588088640000000000,558941000,booking.default
max_duration_60s,1588088640000000000,78081000,flight.default
max_duration_60s,1588088640000000000,702430000,istio-ingressgateway
max_duration_60s,1588088700000000000,1171032000,flight.default
max_duration_60s,1588088700000000000,14394073000,istio-ingressgateway
max_duration_60s,1588088700000000000,70041000,customer.default
max_duration_60s,1588088700000000000,907479000,auth.default
max_duration_60s,1588088700000000000,13028537000,booking.default
max_duration_60s,1588088760000000000,16898000,auth.default
max_duration_60s,1588088760000000000,2280785000,booking.default
max_duration_60s,1588088760000000000,4150621000,istio-ingressgateway
max_duration_60s,1588088760000000000,152222000,flight.default
max_duration_60s,1588088760000000000,11348000,istio-mixer
max_duration_60s,1588088760000000000,35218000,customer.default
max_duration_60s,1588088820000000000,663777000,istio-mixer
max_duration_60s,1588088820000000000,80461000,customer.default
max_duration_60s,1588088820000000000,2769738000,istio-ingressgateway
max_duration_60s,1588088820000000000,54482000,auth.default
max_duration_60s,1588088820000000000,639942000,booking.default
max_duration_60s,1588088820000000000,78533000,flight.default
max_duration_60s,1588088880000000000,1181065000,booking.default
max_duration_60s,1588088880000000000,97456000,flight.default
max_duration_60s,1588088880000000000,2663276000,istio-ingressgateway
max_duration_60s,1588088880000000000,21303000,istio-mixer
max_duration_60s,1588088880000000000,48798000,customer.default
max_duration_60s,1588088880000000000,46991000,auth.default
max_duration_60s,1588088940000000000,31183000,customer.default
max_duration_60s,1588088940000000000,53430000,auth.default
max_duration_60s,1588088940000000000,3351914000,istio-ingressgateway
max_duration_60s,1588088940000000000,833380000,booking.default
max_duration_60s,1588088940000000000,87617000,flight.default
max_duration_60s,1588088940000000000,9568000,istio-mixer
max_duration_60s,1588089000000000000,66699000,flight.default
max_duration_60s,1588089000000000000,2795058000,istio-ingressgateway
max_duration_60s,1588089000000000000,30547000,customer.default
max_duration_60s,1588089000000000000,24337000,auth.default
max_duration_60s,1588089000000000000,899716000,booking.default
max_duration_60s,1588089060000000000,38135000,auth.default
max_duration_60s,1588089060000000000,623986000,booking.default
max_duration_60s,1588089060000000000,2269882000,istio-ingressgateway
max_duration_60s,1588089060000000000,14794000,istio-mixer
max_duration_60s,1588089060000000000,173939000,flight.default
max_duration_60s,1588089060000000000,54689000,customer.default
max_duration_60s,1588089120000000000,818337000,flight.default
max_duration_60s,1588089120000000000,37933000,customer.default
max_duration_60s,1588089120000000000,2024696000,istio-ingressgateway
max_duration_60s,1588089120000000000,27243000,auth.default
max_duration_60s,1588089120000000000,819096000,booking.default
max_duration_60s,1588089120000000000,144000,istio-mixer
max_duration_60s,1588089180000000000,1142895000,booking.default
max_duration_60s,1588089180000000000,534851000,istio-mixer
max_duration_60s,1588089180000000000,3055163000,istio-ingressgateway
max_duration_60s,1588089180000000000,690245000,flight.default
max_duration_60s,1588089180000000000,46595000,customer.default
max_duration_60s,1588089180000000000,18747000,auth.default
max_duration_60s,1588089240000000000,43443000,customer.default
max_duration_60s,1588089240000000000,40003000,auth.default
max_duration_60s,1588089240000000000,2417770000,istio-ingressgateway
max_duration_60s,1588089240000000000,222000,istio-mixer
max_duration_60s,1588089240000000000,921496000,booking.default
max_duration_60s,1588089240000000000,101532000,flight.default
max_duration_60s,1588089300000000000,604189000,booking.default
max_duration_60s,1588089300000000000,54084000,flight.default
max_duration_60s,1588089300000000000,17089000,customer.default
max_duration_60s,1588089300000000000,1875214000,istio-ingressgateway
max_duration_60s,1588089720000000000,26068000,auth.default
max_duration_60s,1588089720000000000,4706000,istio-mixer
max_duration_60s,1588089720000000000,4752240000,booking.default
max_duration_60s,1588089720000000000,660984000,flight.default
max_duration_60s,1588089720000000000,7210129000,istio-ingressgateway
max_duration_60s,1588089720000000000,17709000,customer.default
max_duration_60s,1588089780000000000,1979226000,istio-ingressgateway
max_duration_60s,1588089780000000000,46371000,customer.default
max_duration_60s,1588089780000000000,548373000,booking.default
max_duration_60s,1588089780000000000,39922000,auth.default
max_duration_60s,1588089780000000000,8448000,istio-mixer
max_duration_60s,1588089780000000000,31860000,flight.default
max_duration_60s,1588089840000000000,684000,istio-mixer
max_duration_60s,1588089840000000000,206292000,flight.default
max_duration_60s,1588089840000000000,1175838000,booking.default
max_duration_60s,1588089840000000000,1769246000,istio-ingressgateway
max_duration_60s,1588089840000000000,26187000,customer.default
max_duration_60s,1588089840000000000,24756000,auth.default
max_duration_60s,1588089900000000000,61642000,customer.default
max_duration_60s,1588089900000000000,26728000,auth.default
max_duration_60s,1588089900000000000,361733000,booking.default
max_duration_60s,1588089900000000000,61540000,istio-mixer
max_duration_60s,1588089900000000000,50167000,flight.default
max_duration_60s,1588089900000000000,1731757000,istio-ingressgateway
max_duration_60s,1588089960000000000,76911000,flight.default
max_duration_60s,1588089960000000000,1206947000,istio-ingressgateway
max_duration_60s,1588089960000000000,708462000,booking.default
max_duration_60s,1588089960000000000,26858000,customer.default
max_duration_60s,1588089960000000000,28212000,auth.default
max_duration_60s,1588089960000000000,891000,istio-mixer
max_duration_60s,1588090020000000000,15885000,auth.default
max_duration_60s,1588090020000000000,9415000,istio-mixer
max_duration_60s,1588090020000000000,886053000,booking.default
max_duration_60s,1588090020000000000,65673000,flight.default
max_duration_60s,1588090020000000000,1769493000,istio-ingressgateway
max_duration_60s,1588090020000000000,42074000,customer.default
max_duration_60s,1588090080000000000,1335436000,istio-ingressgateway
max_duration_60s,1588090080000000000,73025000,customer.default
max_duration_60s,1588090080000000000,1021663000,booking.default
max_duration_60s,1588090080000000000,50215000,auth.default
max_duration_60s,1588090080000000000,28968000,istio-mixer
max_duration_60s,1588090080000000000,259550000,flight.default
max_duration_60s,1588090140000000000,76459000,istio-mixer
max_duration_60s,1588090140000000000,91297000,flight.default
max_duration_60s,1588090140000000000,503502000,booking.default
max_duration_60s,1588090140000000000,1138970000,istio-ingressgateway
max_duration_60s,1588090140000000000,28578000,customer.default
max_duration_60s,1588090140000000000,43565000,auth.default
max_duration_60s,1588090200000000000,15159000,customer.default
max_duration_60s,1588090200000000000,42338000,auth.default
max_duration_60s,1588090200000000000,474366000,booking.default
max_duration_60s,1588090200000000000,1216000,istio-mixer
max_duration_60s,1588090200000000000,51869000,flight.default
max_duration_60s,1588090200000000000,1190404000,istio-ingressgateway
max_duration_60s,1588090260000000000,161684000,flight.default
max_duration_60s,1588090260000000000,2101725000,istio-ingressgateway
max_duration_60s,1588090260000000000,1435347000,booking.default
max_duration_60s,1588090260000000000,181879000,customer.default
max_duration_60s,1588090260000000000,29923000,auth.default
max_duration_60s,1588090260000000000,11937000,istio-mixer
max_duration_60s,1588090320000000000,284637000,auth.default
max_duration_60s,1588090320000000000,8707252000,booking.default
max_duration_60s,1588090320000000000,567651000,flight.default
max_duration_60s,1588090320000000000,9568528000,istio-ingressgateway
max_duration_60s,1588090320000000000,56113000,customer.default
max_duration_60s,1588090380000000000,1963916000,istio-ingressgateway
max_duration_60s,1588090380000000000,25568000,customer.default
max_duration_60s,1588090380000000000,1230586000,booking.default
max_duration_60s,1588090380000000000,4235000,istio-mixer
max_duration_60s,1588090380000000000,110312000,auth.default
max_duration_60s,1588090380000000000,102085000,flight.default
max_duration_60s,1588090440000000000,24378000,auth.default
max_duration_60s,1588090440000000000,29538000,flight.default
max_duration_60s,1588090440000000000,1044685000,booking.default
max_duration_60s,1588090440000000000,2010437000,istio-ingressgateway
max_duration_60s,1588090440000000000,22954000,customer.default
max_duration_60s,1588090440000000000,127243000,istio-mixer
max_duration_60s,1588090500000000000,32134000,customer.default
max_duration_60s,1588090500000000000,3969000,istio-mixer
max_duration_60s,1588090500000000000,1393297000,booking.default
max_duration_60s,1588090500000000000,71620000,flight.default
max_duration_60s,1588090500000000000,1757287000,istio-ingressgateway
max_duration_60s,1588090560000000000,94464000,flight.default
max_duration_60s,1588090560000000000,2136299000,istio-ingressgateway
max_duration_60s,1588090560000000000,156000,istio-mixer
max_duration_60s,1588090560000000000,35920000,auth.default
max_duration_60s,1588090560000000000,30678000,customer.default
max_duration_60s,1588090560000000000,1472274000,booking.default
max_duration_60s,1588090620000000000,52352000,istio-mixer
max_duration_60s,1588090620000000000,1073380000,booking.default
max_duration_60s,1588090620000000000,140266000,flight.default
max_duration_60s,1588090620000000000,3431708000,istio-ingressgateway
max_duration_60s,1588090620000000000,23710000,customer.default
max_duration_60s,1588090680000000000,2692400000,istio-ingressgateway
max_duration_60s,1588090680000000000,30865000,customer.default
max_duration_60s,1588090680000000000,659192000,booking.default
max_duration_60s,1588090680000000000,736991000,auth.default
max_duration_60s,1588090680000000000,184656000,istio-mixer
max_duration_60s,1588090680000000000,87400000,flight.default
max_duration_60s,1588090740000000000,4144000,istio-mixer
max_duration_60s,1588090740000000000,60395000,flight.default
max_duration_60s,1588090740000000000,1173441000,booking.default
max_duration_60s,1588090740000000000,2010701000,istio-ingressgateway
max_duration_60s,1588090740000000000,23127000,customer.default
max_duration_60s,1588090740000000000,30840000,auth.default
max_duration_60s,1588090800000000000,22723000,customer.default
max_duration_60s,1588090800000000000,28196000,auth.default
max_duration_60s,1588090800000000000,622041000,booking.default
max_duration_60s,1588090800000000000,5908000,istio-mixer
max_duration_60s,1588090800000000000,23989000,flight.default
max_duration_60s,1588090800000000000,2207770000,istio-ingressgateway
max_duration_60s,1588090860000000000,18461000,flight.default
max_duration_60s,1588090860000000000,2419847000,istio-ingressgateway
max_duration_60s,1588090860000000000,643195000,booking.default
max_duration_60s,1588090860000000000,18690000,customer.default
max_duration_60s,1588090860000000000,8745000,auth.default
max_duration_60s,1588090860000000000,36150000,istio-mixer
max_duration_60s,1588090920000000000,381840000,auth.default
max_duration_60s,1588090920000000000,797224000,booking.default
max_duration_60s,1588090920000000000,820831000,flight.default
max_duration_60s,1588090920000000000,2343646000,istio-ingressgateway
max_duration_60s,1588090920000000000,20123000,customer.default
max_duration_60s,1588090980000000000,7532230000,istio-ingressgateway
max_duration_60s,1588090980000000000,55947000,customer.default
max_duration_60s,1588090980000000000,3437438000,booking.default
max_duration_60s,1588090980000000000,443709000,istio-mixer
max_duration_60s,1588090980000000000,293888000,flight.default
max_duration_60s,1588091040000000000,151712000,istio-mixer
max_duration_60s,1588091040000000000,85515000,flight.default
max_duration_60s,1588091040000000000,21788000,customer.default
max_duration_60s,1588091040000000000,2196184000,istio-ingressgateway
max_duration_60s,1588091040000000000,579894000,auth.default
max_duration_60s,1588091040000000000,1978835000,booking.default
max_duration_60s,1588091100000000000,74334000,auth.default
max_duration_60s,1588091100000000000,878786000,booking.default
max_duration_60s,1588091100000000000,22523000,customer.default
max_duration_60s,1588091100000000000,497000,istio-mixer
max_duration_60s,1588091100000000000,68523000,flight.default
max_duration_60s,1588091100000000000,2599905000,istio-ingressgateway
max_duration_60s,1588091160000000000,48525000,flight.default
max_duration_60s,1588091160000000000,2445675000,istio-ingressgateway
max_duration_60s,1588091160000000000,20661000,customer.default
max_duration_60s,1588091160000000000,23254000,auth.default
max_duration_60s,1588091160000000000,963686000,booking.default
max_duration_60s,1588091160000000000,9104000,istio-mixer
max_duration_60s,1588091220000000000,869619000,booking.default
max_duration_60s,1588091220000000000,16999000,istio-mixer
max_duration_60s,1588091220000000000,29906000,customer.default
max_duration_60s,1588091220000000000,22246000,flight.default
max_duration_60s,1588091220000000000,1714129000,istio-ingressgateway
max_duration_60s,1588091220000000000,21667000,auth.default
max_duration_60s,1588091280000000000,2453357000,istio-ingressgateway
max_duration_60s,1588091280000000000,33226000,auth.default
max_duration_60s,1588091280000000000,21233000,customer.default
max_duration_60s,1588091280000000000,899569000,booking.default
max_duration_60s,1588091280000000000,6236000,istio-mixer
max_duration_60s,1588091280000000000,77254000,flight.default
max_duration_60s,1588091340000000000,208000,istio-mixer
max_duration_60s,1588091340000000000,17625000,flight.default
max_duration_60s,1588091340000000000,38287000,customer.default
max_duration_60s,1588091340000000000,2137421000,istio-ingressgateway
max_duration_60s,1588091340000000000,23194000,auth.default
max_duration_60s,1588091340000000000,572867000,booking.default
max_duration_60s,1588091400000000000,20825000,auth.default
max_duration_60s,1588091400000000000,789670000,booking.default
max_duration_60s,1588091400000000000,16802000,customer.default
max_duration_60s,1588091400000000000,194492000,istio-mixer
max_duration_60s,1588091400000000000,36007000,flight.default
max_duration_60s,1588091400000000000,2311485000,istio-ingressgateway
max_duration_60s,1588091460000000000,915251000,flight.default
max_duration_60s,1588091460000000000,1965854000,istio-ingressgateway
max_duration_60s,1588091460000000000,24105000,customer.default
max_duration_60s,1588091460000000000,23149000,auth.default
max_duration_60s,1588091460000000000,917892000,booking.default
max_duration_60s,1588091460000000000,8115000,istio-mixer
max_duration_60s,1588091520000000000,1317492000,booking.default
max_duration_60s,1588091520000000000,7692000,istio-mixer
max_duration_60s,1588091520000000000,23184000,customer.default
max_duration_60s,1588091520000000000,79714000,flight.default
max_duration_60s,1588091520000000000,2180774000,istio-ingressgateway
max_duration_60s,1588091520000000000,23978000,auth.default
max_duration_60s,1588091640000000000,318911000,istio-ingressgateway
max_duration_60s,1588091640000000000,25267000,auth.default
max_duration_60s,1588091640000000000,28781000,customer.default
max_duration_60s,1588091640000000000,279618000,booking.default
max_duration_60s,1588091640000000000,9125000,flight.default
max_duration_60s,1588091700000000000,259378000,booking.default
max_duration_60s,1588091700000000000,3585000,flight.default
max_duration_60s,1588091700000000000,26457000,auth.default
max_duration_60s,1588091700000000000,273846000,istio-ingressgateway
max_duration_60s,1588091700000000000,17404000,customer.default
max_duration_60s,1588091760000000000,465653000,istio-ingressgateway
max_duration_60s,1588091760000000000,9923000,customer.default
max_duration_60s,1588091760000000000,4043000,flight.default
max_duration_60s,1588091760000000000,388209000,booking.default
max_duration_60s,1588091760000000000,16057000,auth.default
max_duration_60s,1588091820000000000,388889000,booking.default
max_duration_60s,1588091820000000000,18468000,auth.default
max_duration_60s,1588091820000000000,17234000,customer.default
max_duration_60s,1588091820000000000,562077000,istio-ingressgateway
max_duration_60s,1588091820000000000,4187000,flight.default
max_duration_60s,1588091880000000000,397169000,istio-ingressgateway
max_duration_60s,1588091880000000000,4121000,flight.default
max_duration_60s,1588091880000000000,17872000,auth.default
max_duration_60s,1588091880000000000,395577000,booking.default
max_duration_60s,1588091880000000000,22453000,customer.default
max_duration_60s,1588091940000000000,412712000,booking.default
max_duration_60s,1588091940000000000,17399000,customer.default
max_duration_60s,1588091940000000000,4373000,flight.default
max_duration_60s,1588091940000000000,443506000,istio-ingressgateway
max_duration_60s,1588091940000000000,197000,istio-mixer
max_duration_60s,1588091940000000000,40727000,auth.default
max_duration_60s,1588092000000000000,557000,istio-mixer
max_duration_60s,1588092000000000000,17705000,auth.default
max_duration_60s,1588092000000000000,4955000,flight.default
max_duration_60s,1588092000000000000,597266000,booking.default
max_duration_60s,1588092000000000000,26457000,customer.default
max_duration_60s,1588092000000000000,690565000,istio-ingressgateway
max_duration_60s,1588092060000000000,15452000,customer.default
max_duration_60s,1588092060000000000,504339000,istio-ingressgateway
max_duration_60s,1588092060000000000,5454000,flight.default
max_duration_60s,1588092060000000000,243359000,booking.default
max_duration_60s,1588092120000000000,5348000,flight.default
max_duration_60s,1588092120000000000,385801000,booking.default
max_duration_60s,1588092120000000000,15231000,customer.default
max_duration_60s,1588092120000000000,21501000,auth.default
max_duration_60s,1588092120000000000,464912000,istio-ingressgateway
max_duration_60s,1588092180000000000,10794000,auth.default
max_duration_60s,1588092180000000000,528196000,istio-ingressgateway
max_duration_60s,1588092180000000000,413200000,booking.default
max_duration_60s,1588092180000000000,4803000,flight.default
max_duration_60s,1588092180000000000,15867000,customer.default
max_duration_60s,1588092240000000000,464424000,flight.default
max_duration_60s,1588092240000000000,60630000,customer.default
max_duration_60s,1588092240000000000,4932081000,istio-ingressgateway
max_duration_60s,1588092240000000000,317886000,auth.default
max_duration_60s,1588092240000000000,1629150000,booking.default
max_duration_60s,1588092300000000000,15972000,auth.default
max_duration_60s,1588092300000000000,349889000,booking.default
max_duration_60s,1588092300000000000,20695000,customer.default
max_duration_60s,1588092300000000000,54134000,istio-mixer
max_duration_60s,1588092300000000000,10666000,flight.default
max_duration_60s,1588092300000000000,2347513000,istio-ingressgateway
max_duration_60s,1588092360000000000,81220000,flight.default
max_duration_60s,1588092360000000000,1972308000,istio-ingressgateway
max_duration_60s,1588092360000000000,27535000,customer.default
max_duration_60s,1588092360000000000,23018000,auth.default
max_duration_60s,1588092360000000000,613811000,booking.default
max_duration_60s,1588092360000000000,43721000,istio-mixer
max_duration_60s,1588092420000000000,807911000,booking.default
max_duration_60s,1588092420000000000,1271000,istio-mixer
max_duration_60s,1588092420000000000,16193000,customer.default
max_duration_60s,1588092420000000000,7508000,flight.default
max_duration_60s,1588092420000000000,1514131000,istio-ingressgateway
max_duration_60s,1588092420000000000,40248000,auth.default
max_duration_60s,1588092480000000000,1765486000,istio-ingressgateway
max_duration_60s,1588092480000000000,20983000,auth.default
max_duration_60s,1588092480000000000,17658000,customer.default
max_duration_60s,1588092480000000000,604087000,booking.default
max_duration_60s,1588092480000000000,77989000,istio-mixer
max_duration_60s,1588092480000000000,56185000,flight.default
max_duration_60s,1588092540000000000,99599000,istio-mixer
max_duration_60s,1588092540000000000,42484000,flight.default
max_duration_60s,1588092540000000000,34329000,customer.default
max_duration_60s,1588092540000000000,1610591000,istio-ingressgateway
max_duration_60s,1588092540000000000,17873000,auth.default
max_duration_60s,1588092540000000000,621781000,booking.default
max_duration_60s,1588092600000000000,18085000,auth.default
max_duration_60s,1588092600000000000,864258000,booking.default
max_duration_60s,1588092600000000000,325486000,customer.default
max_duration_60s,1588092600000000000,37009000,istio-mixer
max_duration_60s,1588092600000000000,45496000,flight.default
max_duration_60s,1588092600000000000,1357874000,istio-ingressgateway
max_duration_60s,1588092660000000000,80819000,flight.default
max_duration_60s,1588092660000000000,1831532000,istio-ingressgateway
max_duration_60s,1588092660000000000,19647000,customer.default
max_duration_60s,1588092660000000000,3205000,auth.default
max_duration_60s,1588092660000000000,1316715000,booking.default
max_duration_60s,1588092660000000000,35376000,istio-mixer
max_duration_60s,1588092720000000000,1031810000,booking.default
max_duration_60s,1588092720000000000,27919000,istio-mixer
max_duration_60s,1588092720000000000,20024000,customer.default
max_duration_60s,1588092720000000000,19060000,flight.default
max_duration_60s,1588092720000000000,1421292000,istio-ingressgateway
max_duration_60s,1588092720000000000,25290000,auth.default
max_duration_60s,1588092780000000000,2660419000,istio-ingressgateway
max_duration_60s,1588092780000000000,32109000,auth.default
max_duration_60s,1588092780000000000,15682000,customer.default
max_duration_60s,1588092780000000000,1188372000,booking.default
max_duration_60s,1588092780000000000,7537000,istio-mixer
max_duration_60s,1588092780000000000,44546000,flight.default
max_duration_60s,1588092840000000000,1745000,istio-mixer
max_duration_60s,1588092840000000000,858374000,flight.default
max_duration_60s,1588092840000000000,12152000,customer.default
max_duration_60s,1588092840000000000,1204111000,istio-ingressgateway
max_duration_60s,1588092840000000000,529262000,auth.default
max_duration_60s,1588092840000000000,1959092000,booking.default
max_duration_60s,1588092900000000000,61294000,customer.default
max_duration_60s,1588092900000000000,12173435000,booking.default
max_duration_60s,1588092900000000000,1925828000,istio-mixer
max_duration_60s,1588092900000000000,176174000,flight.default
max_duration_60s,1588092900000000000,17514659000,istio-ingressgateway
max_duration_60s,1588092960000000000,903026000,booking.default
max_duration_60s,1588092960000000000,1888737000,istio-ingressgateway
max_duration_60s,1588092960000000000,37549000,auth.default
max_duration_60s,1588092960000000000,20149000,customer.default
max_duration_60s,1588092960000000000,60161000,flight.default
max_duration_60s,1588093020000000000,19772000,customer.default
max_duration_60s,1588093020000000000,84631000,flight.default
max_duration_60s,1588093020000000000,2646451000,istio-ingressgateway
max_duration_60s,1588093020000000000,257724000,istio-mixer
max_duration_60s,1588093020000000000,1039944000,booking.default
max_duration_60s,1588093020000000000,20208000,auth.default
max_duration_60s,1588093080000000000,1228042000,booking.default
max_duration_60s,1588093080000000000,23300000,auth.default
max_duration_60s,1588093080000000000,2678467000,istio-ingressgateway
max_duration_60s,1588093080000000000,22550000,customer.default
max_duration_60s,1588093080000000000,8449000,flight.default
max_duration_60s,1588093080000000000,17317000,istio-mixer
max_duration_60s,1588093140000000000,28583000,flight.default
max_duration_60s,1588093140000000000,1744000,istio-mixer
max_duration_60s,1588093140000000000,29929000,auth.default
max_duration_60s,1588093140000000000,687654000,booking.default
max_duration_60s,1588093140000000000,27414000,customer.default
max_duration_60s,1588093140000000000,2976719000,istio-ingressgateway
max_duration_60s,1588093200000000000,22218000,auth.default
max_duration_60s,1588093200000000000,22954000,istio-mixer
max_duration_60s,1588093200000000000,1169713000,booking.default
max_duration_60s,1588093200000000000,60282000,flight.default
max_duration_60s,1588093200000000000,2505767000,istio-ingressgateway
max_duration_60s,1588093200000000000,34870000,customer.default
max_duration_60s,1588093260000000000,2103379000,istio-ingressgateway
max_duration_60s,1588093260000000000,20097000,customer.default
max_duration_60s,1588093260000000000,1149141000,booking.default
max_duration_60s,1588093260000000000,47172000,auth.default
max_duration_60s,1588093260000000000,17682000,istio-mixer
max_duration_60s,1588093260000000000,62606000,flight.default
max_duration_60s,1588093320000000000,1152186000,booking.default
max_duration_60s,1588093320000000000,64978000,flight.default
max_duration_60s,1588093320000000000,2197545000,istio-ingressgateway
max_duration_60s,1588093320000000000,44626000,customer.default
max_duration_60s,1588093320000000000,16556000,auth.default
max_duration_60s,1588093380000000000,21353000,customer.default
max_duration_60s,1588093380000000000,23798000,auth.default
max_duration_60s,1588093380000000000,39490000,flight.default
max_duration_60s,1588093380000000000,415347000,istio-mixer
max_duration_60s,1588093380000000000,1018496000,booking.default
max_duration_60s,1588093380000000000,2134570000,istio-ingressgateway
max_duration_60s,1588093440000000000,1342402000,booking.default
max_duration_60s,1588093440000000000,2765654000,istio-ingressgateway
max_duration_60s,1588093440000000000,77857000,flight.default
max_duration_60s,1588093440000000000,67345000,customer.default
max_duration_60s,1588093440000000000,551318000,auth.default
max_duration_60s,1588093440000000000,38355000,istio-mixer
max_duration_60s,1588093500000000000,464500000,auth.default
max_duration_60s,1588093500000000000,306000,istio-mixer
max_duration_60s,1588093500000000000,164418000,flight.default
max_duration_60s,1588093500000000000,2669744000,booking.default
max_duration_60s,1588093500000000000,5804808000,istio-ingressgateway
max_duration_60s,1588093500000000000,463396000,customer.default
max_duration_60s,1588093560000000000,2820073000,istio-ingressgateway
max_duration_60s,1588093560000000000,11474000,customer.default
max_duration_60s,1588093560000000000,10018000,flight.default
max_duration_60s,1588093560000000000,13289000,istio-mixer
max_duration_60s,1588093560000000000,1323770000,booking.default
max_duration_60s,1588093620000000000,1775000,istio-mixer
max_duration_60s,1588093620000000000,760578000,booking.default
max_duration_60s,1588093620000000000,16999000,customer.default
max_duration_60s,1588093620000000000,22482000,auth.default
max_duration_60s,1588093620000000000,2198297000,istio-ingressgateway
max_duration_60s,1588093620000000000,11608000,flight.default
max_duration_60s,1588093680000000000,1729955000,istio-ingressgateway
max_duration_60s,1588093680000000000,43464000,flight.default
max_duration_60s,1588093680000000000,24117000,customer.default
max_duration_60s,1588093680000000000,26822000,istio-mixer
max_duration_60s,1588093680000000000,940981000,booking.default
max_duration_60s,1588093680000000000,21463000,auth.default
max_duration_60s,1588093740000000000,1142712000,booking.default
max_duration_60s,1588093740000000000,18174000,auth.default
max_duration_60s,1588093740000000000,22931000,customer.default
max_duration_60s,1588093740000000000,2030727000,istio-ingressgateway
max_duration_60s,1588093740000000000,18165000,flight.default
max_duration_60s,1588093740000000000,1580000,istio-mixer
max_duration_60s,1588093800000000000,31962000,flight.default
max_duration_60s,1588093800000000000,45187000,customer.default
max_duration_60s,1588093800000000000,585964000,booking.default
max_duration_60s,1588093800000000000,31633000,auth.default
max_duration_60s,1588093800000000000,1710358000,istio-ingressgateway
max_duration_60s,1588093860000000000,22159000,auth.default
max_duration_60s,1588093860000000000,1789514000,istio-ingressgateway
max_duration_60s,1588093860000000000,30784000,customer.default
max_duration_60s,1588093860000000000,24259000,istio-mixer
max_duration_60s,1588093860000000000,27796000,flight.default
max_duration_60s,1588093860000000000,975205000,booking.default
max_duration_60s,1588093920000000000,6249000,flight.default
max_duration_60s,1588093920000000000,540035000,booking.default
max_duration_60s,1588093920000000000,40253000,customer.default
max_duration_60s,1588093920000000000,4302000,auth.default
max_duration_60s,1588093920000000000,1880981000,istio-ingressgateway
max_duration_60s,1588093920000000000,1308000,istio-mixer
max_duration_60s,1588093980000000000,2165340000,istio-ingressgateway
max_duration_60s,1588093980000000000,131000,istio-mixer
max_duration_60s,1588093980000000000,12113000,customer.default
max_duration_60s,1588093980000000000,1054376000,booking.default
max_duration_60s,1588093980000000000,64913000,flight.default
max_duration_60s,1588093980000000000,22981000,auth.default
max_duration_60s,1588094040000000000,87980000,flight.default
max_duration_60s,1588094040000000000,52461000,auth.default
max_duration_60s,1588094040000000000,1667391000,istio-ingressgateway
max_duration_60s,1588094040000000000,803942000,booking.default
max_duration_60s,1588094040000000000,71205000,customer.default
